index,action
0,a1a2
1,a1a3
2,a1a4
3,a1a5
4,a1a6
5,a1a7
6,a1a8
7,a1b2
8,a1c3
9,a1d4
10,a1e5
11,a1f6
12,a1g7
13,a1h8
14,a1b1
15,a1c1
16,a1d1
17,a1e1
18,a1f1
19,a1g1
20,a1h1
21,a1b3
22,a1c2
23,b1b2
24,b1b3
25,b1b4
26,b1b5
27,b1b6
28,b1b7
29,b1b8
30,b1c2
31,b1d3
32,b1e4
33,b1f5
34,b1g6
35,b1h7
36,b1c1
37,b1d1
38,b1e1
39,b1f1
40,b1g1
41,b1h1
42,b1a1
43,b1a2
44,b1c3
45,b1d2
46,b1a3
47,c1c2
48,c1c3
49,c1c4
50,c1c5
51,c1c6
52,c1c7
53,c1c8
54,c1d2
55,c1e3
56,c1f4
57,c1g5
58,c1h6
59,c1d1
60,c1e1
61,c1f1
62,c1g1
63,c1h1
64,c1b1
65,c1a1
66,c1b2
67,c1a3
68,c1d3
69,c1e2
70,c1a2
71,c1b3
72,d1d2
73,d1d3
74,d1d4
75,d1d5
76,d1d6
77,d1d7
78,d1d8
79,d1e2
80,d1f3
81,d1g4
82,d1h5
83,d1e1
84,d1f1
85,d1g1
86,d1h1
87,d1c1
88,d1b1
89,d1a1
90,d1c2
91,d1b3
92,d1a4
93,d1e3
94,d1f2
95,d1b2
96,d1c3
97,e1e2
98,e1e3
99,e1e4
100,e1e5
101,e1e6
102,e1e7
103,e1e8
104,e1f2
105,e1g3
106,e1h4
107,e1f1
108,e1g1
109,e1h1
110,e1d1
111,e1c1
112,e1b1
113,e1a1
114,e1d2
115,e1c3
116,e1b4
117,e1a5
118,e1f3
119,e1g2
120,e1c2
121,e1d3
122,f1f2
123,f1f3
124,f1f4
125,f1f5
126,f1f6
127,f1f7
128,f1f8
129,f1g2
130,f1h3
131,f1g1
132,f1h1
133,f1e1
134,f1d1
135,f1c1
136,f1b1
137,f1a1
138,f1e2
139,f1d3
140,f1c4
141,f1b5
142,f1a6
143,f1g3
144,f1h2
145,f1d2
146,f1e3
147,g1g2
148,g1g3
149,g1g4
150,g1g5
151,g1g6
152,g1g7
153,g1g8
154,g1h2
155,g1h1
156,g1f1
157,g1e1
158,g1d1
159,g1c1
160,g1b1
161,g1a1
162,g1f2
163,g1e3
164,g1d4
165,g1c5
166,g1b6
167,g1a7
168,g1h3
169,g1e2
170,g1f3
171,h1h2
172,h1h3
173,h1h4
174,h1h5
175,h1h6
176,h1h7
177,h1h8
178,h1g1
179,h1f1
180,h1e1
181,h1d1
182,h1c1
183,h1b1
184,h1a1
185,h1g2
186,h1f3
187,h1e4
188,h1d5
189,h1c6
190,h1b7
191,h1a8
192,h1f2
193,h1g3
194,a2a3
195,a2a4
196,a2a5
197,a2a6
198,a2a7
199,a2a8
200,a2b3
201,a2c4
202,a2d5
203,a2e6
204,a2f7
205,a2g8
206,a2b2
207,a2c2
208,a2d2
209,a2e2
210,a2f2
211,a2g2
212,a2h2
213,a2b1
214,a2a1
215,a2b4
216,a2c3
217,a2c1
218,a2a1q
219,a2a1r
220,a2a1b
221,a2a1n
222,a2b1q
223,a2b1r
224,a2b1b
225,a2b1n
226,b2b3
227,b2b4
228,b2b5
229,b2b6
230,b2b7
231,b2b8
232,b2c3
233,b2d4
234,b2e5
235,b2f6
236,b2g7
237,b2h8
238,b2c2
239,b2d2
240,b2e2
241,b2f2
242,b2g2
243,b2h2
244,b2c1
245,b2b1
246,b2a1
247,b2a2
248,b2a3
249,b2c4
250,b2d3
251,b2d1
252,b2a4
253,b2a1q
254,b2a1r
255,b2a1b
256,b2a1n
257,b2b1q
258,b2b1r
259,b2b1b
260,b2b1n
261,b2c1q
262,b2c1r
263,b2c1b
264,b2c1n
265,c2c3
266,c2c4
267,c2c5
268,c2c6
269,c2c7
270,c2c8
271,c2d3
272,c2e4
273,c2f5
274,c2g6
275,c2h7
276,c2d2
277,c2e2
278,c2f2
279,c2g2
280,c2h2
281,c2d1
282,c2c1
283,c2b1
284,c2b2
285,c2a2
286,c2b3
287,c2a4
288,c2d4
289,c2e3
290,c2e1
291,c2a1
292,c2a3
293,c2b4
294,c2b1q
295,c2b1r
296,c2b1b
297,c2b1n
298,c2c1q
299,c2c1r
300,c2c1b
301,c2c1n
302,c2d1q
303,c2d1r
304,c2d1b
305,c2d1n
306,d2d3
307,d2d4
308,d2d5
309,d2d6
310,d2d7
311,d2d8
312,d2e3
313,d2f4
314,d2g5
315,d2h6
316,d2e2
317,d2f2
318,d2g2
319,d2h2
320,d2e1
321,d2d1
322,d2c1
323,d2c2
324,d2b2
325,d2a2
326,d2c3
327,d2b4
328,d2a5
329,d2e4
330,d2f3
331,d2f1
332,d2b1
333,d2b3
334,d2c4
335,d2c1q
336,d2c1r
337,d2c1b
338,d2c1n
339,d2d1q
340,d2d1r
341,d2d1b
342,d2d1n
343,d2e1q
344,d2e1r
345,d2e1b
346,d2e1n
347,e2e3
348,e2e4
349,e2e5
350,e2e6
351,e2e7
352,e2e8
353,e2f3
354,e2g4
355,e2h5
356,e2f2
357,e2g2
358,e2h2
359,e2f1
360,e2e1
361,e2d1
362,e2d2
363,e2c2
364,e2b2
365,e2a2
366,e2d3
367,e2c4
368,e2b5
369,e2a6
370,e2f4
371,e2g3
372,e2g1
373,e2c1
374,e2c3
375,e2d4
376,e2d1q
377,e2d1r
378,e2d1b
379,e2d1n
380,e2e1q
381,e2e1r
382,e2e1b
383,e2e1n
384,e2f1q
385,e2f1r
386,e2f1b
387,e2f1n
388,f2f3
389,f2f4
390,f2f5
391,f2f6
392,f2f7
393,f2f8
394,f2g3
395,f2h4
396,f2g2
397,f2h2
398,f2g1
399,f2f1
400,f2e1
401,f2e2
402,f2d2
403,f2c2
404,f2b2
405,f2a2
406,f2e3
407,f2d4
408,f2c5
409,f2b6
410,f2a7
411,f2g4
412,f2h3
413,f2h1
414,f2d1
415,f2d3
416,f2e4
417,f2e1q
418,f2e1r
419,f2e1b
420,f2e1n
421,f2f1q
422,f2f1r
423,f2f1b
424,f2f1n
425,f2g1q
426,f2g1r
427,f2g1b
428,f2g1n
429,g2g3
430,g2g4
431,g2g5
432,g2g6
433,g2g7
434,g2g8
435,g2h3
436,g2h2
437,g2h1
438,g2g1
439,g2f1
440,g2f2
441,g2e2
442,g2d2
443,g2c2
444,g2b2
445,g2a2
446,g2f3
447,g2e4
448,g2d5
449,g2c6
450,g2b7
451,g2a8
452,g2h4
453,g2e1
454,g2e3
455,g2f4
456,g2f1q
457,g2f1r
458,g2f1b
459,g2f1n
460,g2g1q
461,g2g1r
462,g2g1b
463,g2g1n
464,g2h1q
465,g2h1r
466,g2h1b
467,g2h1n
468,h2h3
469,h2h4
470,h2h5
471,h2h6
472,h2h7
473,h2h8
474,h2h1
475,h2g1
476,h2g2
477,h2f2
478,h2e2
479,h2d2
480,h2c2
481,h2b2
482,h2a2
483,h2g3
484,h2f4
485,h2e5
486,h2d6
487,h2c7
488,h2b8
489,h2f1
490,h2f3
491,h2g4
492,h2g1q
493,h2g1r
494,h2g1b
495,h2g1n
496,h2h1q
497,h2h1r
498,h2h1b
499,h2h1n
500,a3a4
501,a3a5
502,a3a6
503,a3a7
504,a3a8
505,a3b4
506,a3c5
507,a3d6
508,a3e7
509,a3f8
510,a3b3
511,a3c3
512,a3d3
513,a3e3
514,a3f3
515,a3g3
516,a3h3
517,a3b2
518,a3c1
519,a3a2
520,a3a1
521,a3b5
522,a3c4
523,a3c2
524,a3b1
525,b3b4
526,b3b5
527,b3b6
528,b3b7
529,b3b8
530,b3c4
531,b3d5
532,b3e6
533,b3f7
534,b3g8
535,b3c3
536,b3d3
537,b3e3
538,b3f3
539,b3g3
540,b3h3
541,b3c2
542,b3d1
543,b3b2
544,b3b1
545,b3a2
546,b3a3
547,b3a4
548,b3c5
549,b3d4
550,b3d2
551,b3c1
552,b3a1
553,b3a5
554,c3c4
555,c3c5
556,c3c6
557,c3c7
558,c3c8
559,c3d4
560,c3e5
561,c3f6
562,c3g7
563,c3h8
564,c3d3
565,c3e3
566,c3f3
567,c3g3
568,c3h3
569,c3d2
570,c3e1
571,c3c2
572,c3c1
573,c3b2
574,c3a1
575,c3b3
576,c3a3
577,c3b4
578,c3a5
579,c3d5
580,c3e4
581,c3e2
582,c3d1
583,c3b1
584,c3a2
585,c3a4
586,c3b5
587,d3d4
588,d3d5
589,d3d6
590,d3d7
591,d3d8
592,d3e4
593,d3f5
594,d3g6
595,d3h7
596,d3e3
597,d3f3
598,d3g3
599,d3h3
600,d3e2
601,d3f1
602,d3d2
603,d3d1
604,d3c2
605,d3b1
606,d3c3
607,d3b3
608,d3a3
609,d3c4
610,d3b5
611,d3a6
612,d3e5
613,d3f4
614,d3f2
615,d3e1
616,d3c1
617,d3b2
618,d3b4
619,d3c5
620,e3e4
621,e3e5
622,e3e6
623,e3e7
624,e3e8
625,e3f4
626,e3g5
627,e3h6
628,e3f3
629,e3g3
630,e3h3
631,e3f2
632,e3g1
633,e3e2
634,e3e1
635,e3d2
636,e3c1
637,e3d3
638,e3c3
639,e3b3
640,e3a3
641,e3d4
642,e3c5
643,e3b6
644,e3a7
645,e3f5
646,e3g4
647,e3g2
648,e3f1
649,e3d1
650,e3c2
651,e3c4
652,e3d5
653,f3f4
654,f3f5
655,f3f6
656,f3f7
657,f3f8
658,f3g4
659,f3h5
660,f3g3
661,f3h3
662,f3g2
663,f3h1
664,f3f2
665,f3f1
666,f3e2
667,f3d1
668,f3e3
669,f3d3
670,f3c3
671,f3b3
672,f3a3
673,f3e4
674,f3d5
675,f3c6
676,f3b7
677,f3a8
678,f3g5
679,f3h4
680,f3h2
681,f3g1
682,f3e1
683,f3d2
684,f3d4
685,f3e5
686,g3g4
687,g3g5
688,g3g6
689,g3g7
690,g3g8
691,g3h4
692,g3h3
693,g3h2
694,g3g2
695,g3g1
696,g3f2
697,g3e1
698,g3f3
699,g3e3
700,g3d3
701,g3c3
702,g3b3
703,g3a3
704,g3f4
705,g3e5
706,g3d6
707,g3c7
708,g3b8
709,g3h5
710,g3h1
711,g3f1
712,g3e2
713,g3e4
714,g3f5
715,h3h4
716,h3h5
717,h3h6
718,h3h7
719,h3h8
720,h3h2
721,h3h1
722,h3g2
723,h3f1
724,h3g3
725,h3f3
726,h3e3
727,h3d3
728,h3c3
729,h3b3
730,h3a3
731,h3g4
732,h3f5
733,h3e6
734,h3d7
735,h3c8
736,h3g1
737,h3f2
738,h3f4
739,h3g5
740,a4a5
741,a4a6
742,a4a7
743,a4a8
744,a4b5
745,a4c6
746,a4d7
747,a4e8
748,a4b4
749,a4c4
750,a4d4
751,a4e4
752,a4f4
753,a4g4
754,a4h4
755,a4b3
756,a4c2
757,a4d1
758,a4a3
759,a4a2
760,a4a1
761,a4b6
762,a4c5
763,a4c3
764,a4b2
765,b4b5
766,b4b6
767,b4b7
768,b4b8
769,b4c5
770,b4d6
771,b4e7
772,b4f8
773,b4c4
774,b4d4
775,b4e4
776,b4f4
777,b4g4
778,b4h4
779,b4c3
780,b4d2
781,b4e1
782,b4b3
783,b4b2
784,b4b1
785,b4a3
786,b4a4
787,b4a5
788,b4c6
789,b4d5
790,b4d3
791,b4c2
792,b4a2
793,b4a6
794,c4c5
795,c4c6
796,c4c7
797,c4c8
798,c4d5
799,c4e6
800,c4f7
801,c4g8
802,c4d4
803,c4e4
804,c4f4
805,c4g4
806,c4h4
807,c4d3
808,c4e2
809,c4f1
810,c4c3
811,c4c2
812,c4c1
813,c4b3
814,c4a2
815,c4b4
816,c4a4
817,c4b5
818,c4a6
819,c4d6
820,c4e5
821,c4e3
822,c4d2
823,c4b2
824,c4a3
825,c4a5
826,c4b6
827,d4d5
828,d4d6
829,d4d7
830,d4d8
831,d4e5
832,d4f6
833,d4g7
834,d4h8
835,d4e4
836,d4f4
837,d4g4
838,d4h4
839,d4e3
840,d4f2
841,d4g1
842,d4d3
843,d4d2
844,d4d1
845,d4c3
846,d4b2
847,d4a1
848,d4c4
849,d4b4
850,d4a4
851,d4c5
852,d4b6
853,d4a7
854,d4e6
855,d4f5
856,d4f3
857,d4e2
858,d4c2
859,d4b3
860,d4b5
861,d4c6
862,e4e5
863,e4e6
864,e4e7
865,e4e8
866,e4f5
867,e4g6
868,e4h7
869,e4f4
870,e4g4
871,e4h4
872,e4f3
873,e4g2
874,e4h1
875,e4e3
876,e4e2
877,e4e1
878,e4d3
879,e4c2
880,e4b1
881,e4d4
882,e4c4
883,e4b4
884,e4a4
885,e4d5
886,e4c6
887,e4b7
888,e4a8
889,e4f6
890,e4g5
891,e4g3
892,e4f2
893,e4d2
894,e4c3
895,e4c5
896,e4d6
897,f4f5
898,f4f6
899,f4f7
900,f4f8
901,f4g5
902,f4h6
903,f4g4
904,f4h4
905,f4g3
906,f4h2
907,f4f3
908,f4f2
909,f4f1
910,f4e3
911,f4d2
912,f4c1
913,f4e4
914,f4d4
915,f4c4
916,f4b4
917,f4a4
918,f4e5
919,f4d6
920,f4c7
921,f4b8
922,f4g6
923,f4h5
924,f4h3
925,f4g2
926,f4e2
927,f4d3
928,f4d5
929,f4e6
930,g4g5
931,g4g6
932,g4g7
933,g4g8
934,g4h5
935,g4h4
936,g4h3
937,g4g3
938,g4g2
939,g4g1
940,g4f3
941,g4e2
942,g4d1
943,g4f4
944,g4e4
945,g4d4
946,g4c4
947,g4b4
948,g4a4
949,g4f5
950,g4e6
951,g4d7
952,g4c8
953,g4h6
954,g4h2
955,g4f2
956,g4e3
957,g4e5
958,g4f6
959,h4h5
960,h4h6
961,h4h7
962,h4h8
963,h4h3
964,h4h2
965,h4h1
966,h4g3
967,h4f2
968,h4e1
969,h4g4
970,h4f4
971,h4e4
972,h4d4
973,h4c4
974,h4b4
975,h4a4
976,h4g5
977,h4f6
978,h4e7
979,h4d8
980,h4g2
981,h4f3
982,h4f5
983,h4g6
984,a5a6
985,a5a7
986,a5a8
987,a5b6
988,a5c7
989,a5d8
990,a5b5
991,a5c5
992,a5d5
993,a5e5
994,a5f5
995,a5g5
996,a5h5
997,a5b4
998,a5c3
999,a5d2
1000,a5e1
1001,a5a4
1002,a5a3
1003,a5a2
1004,a5a1
1005,a5b7
1006,a5c6
1007,a5c4
1008,a5b3
1009,b5b6
1010,b5b7
1011,b5b8
1012,b5c6
1013,b5d7
1014,b5e8
1015,b5c5
1016,b5d5
1017,b5e5
1018,b5f5
1019,b5g5
1020,b5h5
1021,b5c4
1022,b5d3
1023,b5e2
1024,b5f1
1025,b5b4
1026,b5b3
1027,b5b2
1028,b5b1
1029,b5a4
1030,b5a5
1031,b5a6
1032,b5c7
1033,b5d6
1034,b5d4
1035,b5c3
1036,b5a3
1037,b5a7
1038,c5c6
1039,c5c7
1040,c5c8
1041,c5d6
1042,c5e7
1043,c5f8
1044,c5d5
1045,c5e5
1046,c5f5
1047,c5g5
1048,c5h5
1049,c5d4
1050,c5e3
1051,c5f2
1052,c5g1
1053,c5c4
1054,c5c3
1055,c5c2
1056,c5c1
1057,c5b4
1058,c5a3
1059,c5b5
1060,c5a5
1061,c5b6
1062,c5a7
1063,c5d7
1064,c5e6
1065,c5e4
1066,c5d3
1067,c5b3
1068,c5a4
1069,c5a6
1070,c5b7
1071,d5d6
1072,d5d7
1073,d5d8
1074,d5e6
1075,d5f7
1076,d5g8
1077,d5e5
1078,d5f5
1079,d5g5
1080,d5h5
1081,d5e4
1082,d5f3
1083,d5g2
1084,d5h1
1085,d5d4
1086,d5d3
1087,d5d2
1088,d5d1
1089,d5c4
1090,d5b3
1091,d5a2
1092,d5c5
1093,d5b5
1094,d5a5
1095,d5c6
1096,d5b7
1097,d5a8
1098,d5e7
1099,d5f6
1100,d5f4
1101,d5e3
1102,d5c3
1103,d5b4
1104,d5b6
1105,d5c7
1106,e5e6
1107,e5e7
1108,e5e8
1109,e5f6
1110,e5g7
1111,e5h8
1112,e5f5
1113,e5g5
1114,e5h5
1115,e5f4
1116,e5g3
1117,e5h2
1118,e5e4
1119,e5e3
1120,e5e2
1121,e5e1
1122,e5d4
1123,e5c3
1124,e5b2
1125,e5a1
1126,e5d5
1127,e5c5
1128,e5b5
1129,e5a5
1130,e5d6
1131,e5c7
1132,e5b8
1133,e5f7
1134,e5g6
1135,e5g4
1136,e5f3
1137,e5d3
1138,e5c4
1139,e5c6
1140,e5d7
1141,f5f6
1142,f5f7
1143,f5f8
1144,f5g6
1145,f5h7
1146,f5g5
1147,f5h5
1148,f5g4
1149,f5h3
1150,f5f4
1151,f5f3
1152,f5f2
1153,f5f1
1154,f5e4
1155,f5d3
1156,f5c2
1157,f5b1
1158,f5e5
1159,f5d5
1160,f5c5
1161,f5b5
1162,f5a5
1163,f5e6
1164,f5d7
1165,f5c8
1166,f5g7
1167,f5h6
1168,f5h4
1169,f5g3
1170,f5e3
1171,f5d4
1172,f5d6
1173,f5e7
1174,g5g6
1175,g5g7
1176,g5g8
1177,g5h6
1178,g5h5
1179,g5h4
1180,g5g4
1181,g5g3
1182,g5g2
1183,g5g1
1184,g5f4
1185,g5e3
1186,g5d2
1187,g5c1
1188,g5f5
1189,g5e5
1190,g5d5
1191,g5c5
1192,g5b5
1193,g5a5
1194,g5f6
1195,g5e7
1196,g5d8
1197,g5h7
1198,g5h3
1199,g5f3
1200,g5e4
1201,g5e6
1202,g5f7
1203,h5h6
1204,h5h7
1205,h5h8
1206,h5h4
1207,h5h3
1208,h5h2
1209,h5h1
1210,h5g4
1211,h5f3
1212,h5e2
1213,h5d1
1214,h5g5
1215,h5f5
1216,h5e5
1217,h5d5
1218,h5c5
1219,h5b5
1220,h5a5
1221,h5g6
1222,h5f7
1223,h5e8
1224,h5g3
1225,h5f4
1226,h5f6
1227,h5g7
1228,a6a7
1229,a6a8
1230,a6b7
1231,a6c8
1232,a6b6
1233,a6c6
1234,a6d6
1235,a6e6
1236,a6f6
1237,a6g6
1238,a6h6
1239,a6b5
1240,a6c4
1241,a6d3
1242,a6e2
1243,a6f1
1244,a6a5
1245,a6a4
1246,a6a3
1247,a6a2
1248,a6a1
1249,a6b8
1250,a6c7
1251,a6c5
1252,a6b4
1253,b6b7
1254,b6b8
1255,b6c7
1256,b6d8
1257,b6c6
1258,b6d6
1259,b6e6
1260,b6f6
1261,b6g6
1262,b6h6
1263,b6c5
1264,b6d4
1265,b6e3
1266,b6f2
1267,b6g1
1268,b6b5
1269,b6b4
1270,b6b3
1271,b6b2
1272,b6b1
1273,b6a5
1274,b6a6
1275,b6a7
1276,b6c8
1277,b6d7
1278,b6d5
1279,b6c4
1280,b6a4
1281,b6a8
1282,c6c7
1283,c6c8
1284,c6d7
1285,c6e8
1286,c6d6
1287,c6e6
1288,c6f6
1289,c6g6
1290,c6h6
1291,c6d5
1292,c6e4
1293,c6f3
1294,c6g2
1295,c6h1
1296,c6c5
1297,c6c4
1298,c6c3
1299,c6c2
1300,c6c1
1301,c6b5
1302,c6a4
1303,c6b6
1304,c6a6
1305,c6b7
1306,c6a8
1307,c6d8
1308,c6e7
1309,c6e5
1310,c6d4
1311,c6b4
1312,c6a5
1313,c6a7
1314,c6b8
1315,d6d7
1316,d6d8
1317,d6e7
1318,d6f8
1319,d6e6
1320,d6f6
1321,d6g6
1322,d6h6
1323,d6e5
1324,d6f4
1325,d6g3
1326,d6h2
1327,d6d5
1328,d6d4
1329,d6d3
1330,d6d2
1331,d6d1
1332,d6c5
1333,d6b4
1334,d6a3
1335,d6c6
1336,d6b6
1337,d6a6
1338,d6c7
1339,d6b8
1340,d6e8
1341,d6f7
1342,d6f5
1343,d6e4
1344,d6c4
1345,d6b5
1346,d6b7
1347,d6c8
1348,e6e7
1349,e6e8
1350,e6f7
1351,e6g8
1352,e6f6
1353,e6g6
1354,e6h6
1355,e6f5
1356,e6g4
1357,e6h3
1358,e6e5
1359,e6e4
1360,e6e3
1361,e6e2
1362,e6e1
1363,e6d5
1364,e6c4
1365,e6b3
1366,e6a2
1367,e6d6
1368,e6c6
1369,e6b6
1370,e6a6
1371,e6d7
1372,e6c8
1373,e6f8
1374,e6g7
1375,e6g5
1376,e6f4
1377,e6d4
1378,e6c5
1379,e6c7
1380,e6d8
1381,f6f7
1382,f6f8
1383,f6g7
1384,f6h8
1385,f6g6
1386,f6h6
1387,f6g5
1388,f6h4
1389,f6f5
1390,f6f4
1391,f6f3
1392,f6f2
1393,f6f1
1394,f6e5
1395,f6d4
1396,f6c3
1397,f6b2
1398,f6a1
1399,f6e6
1400,f6d6
1401,f6c6
1402,f6b6
1403,f6a6
1404,f6e7
1405,f6d8
1406,f6g8
1407,f6h7
1408,f6h5
1409,f6g4
1410,f6e4
1411,f6d5
1412,f6d7
1413,f6e8
1414,g6g7
1415,g6g8
1416,g6h7
1417,g6h6
1418,g6h5
1419,g6g5
1420,g6g4
1421,g6g3
1422,g6g2
1423,g6g1
1424,g6f5
1425,g6e4
1426,g6d3
1427,g6c2
1428,g6b1
1429,g6f6
1430,g6e6
1431,g6d6
1432,g6c6
1433,g6b6
1434,g6a6
1435,g6f7
1436,g6e8
1437,g6h8
1438,g6h4
1439,g6f4
1440,g6e5
1441,g6e7
1442,g6f8
1443,h6h7
1444,h6h8
1445,h6h5
1446,h6h4
1447,h6h3
1448,h6h2
1449,h6h1
1450,h6g5
1451,h6f4
1452,h6e3
1453,h6d2
1454,h6c1
1455,h6g6
1456,h6f6
1457,h6e6
1458,h6d6
1459,h6c6
1460,h6b6
1461,h6a6
1462,h6g7
1463,h6f8
1464,h6g4
1465,h6f5
1466,h6f7
1467,h6g8
1468,a7a8
1469,a7b8
1470,a7b7
1471,a7c7
1472,a7d7
1473,a7e7
1474,a7f7
1475,a7g7
1476,a7h7
1477,a7b6
1478,a7c5
1479,a7d4
1480,a7e3
1481,a7f2
1482,a7g1
1483,a7a6
1484,a7a5
1485,a7a4
1486,a7a3
1487,a7a2
1488,a7a1
1489,a7c8
1490,a7c6
1491,a7b5
1492,a7a8q
1493,a7a8r
1494,a7a8b
1495,a7a8n
1496,a7b8q
1497,a7b8r
1498,a7b8b
1499,a7b8n
1500,b7b8
1501,b7c8
1502,b7c7
1503,b7d7
1504,b7e7
1505,b7f7
1506,b7g7
1507,b7h7
1508,b7c6
1509,b7d5
1510,b7e4
1511,b7f3
1512,b7g2
1513,b7h1
1514,b7b6
1515,b7b5
1516,b7b4
1517,b7b3
1518,b7b2
1519,b7b1
1520,b7a6
1521,b7a7
1522,b7a8
1523,b7d8
1524,b7d6
1525,b7c5
1526,b7a5
1527,b7a8q
1528,b7a8r
1529,b7a8b
1530,b7a8n
1531,b7b8q
1532,b7b8r
1533,b7b8b
1534,b7b8n
1535,b7c8q
1536,b7c8r
1537,b7c8b
1538,b7c8n
1539,c7c8
1540,c7d8
1541,c7d7
1542,c7e7
1543,c7f7
1544,c7g7
1545,c7h7
1546,c7d6
1547,c7e5
1548,c7f4
1549,c7g3
1550,c7h2
1551,c7c6
1552,c7c5
1553,c7c4
1554,c7c3
1555,c7c2
1556,c7c1
1557,c7b6
1558,c7a5
1559,c7b7
1560,c7a7
1561,c7b8
1562,c7e8
1563,c7e6
1564,c7d5
1565,c7b5
1566,c7a6
1567,c7a8
1568,c7b8q
1569,c7b8r
1570,c7b8b
1571,c7b8n
1572,c7c8q
1573,c7c8r
1574,c7c8b
1575,c7c8n
1576,c7d8q
1577,c7d8r
1578,c7d8b
1579,c7d8n
1580,d7d8
1581,d7e8
1582,d7e7
1583,d7f7
1584,d7g7
1585,d7h7
1586,d7e6
1587,d7f5
1588,d7g4
1589,d7h3
1590,d7d6
1591,d7d5
1592,d7d4
1593,d7d3
1594,d7d2
1595,d7d1
1596,d7c6
1597,d7b5
1598,d7a4
1599,d7c7
1600,d7b7
1601,d7a7
1602,d7c8
1603,d7f8
1604,d7f6
1605,d7e5
1606,d7c5
1607,d7b6
1608,d7b8
1609,d7c8q
1610,d7c8r
1611,d7c8b
1612,d7c8n
1613,d7d8q
1614,d7d8r
1615,d7d8b
1616,d7d8n
1617,d7e8q
1618,d7e8r
1619,d7e8b
1620,d7e8n
1621,e7e8
1622,e7f8
1623,e7f7
1624,e7g7
1625,e7h7
1626,e7f6
1627,e7g5
1628,e7h4
1629,e7e6
1630,e7e5
1631,e7e4
1632,e7e3
1633,e7e2
1634,e7e1
1635,e7d6
1636,e7c5
1637,e7b4
1638,e7a3
1639,e7d7
1640,e7c7
1641,e7b7
1642,e7a7
1643,e7d8
1644,e7g8
1645,e7g6
1646,e7f5
1647,e7d5
1648,e7c6
1649,e7c8
1650,e7d8q
1651,e7d8r
1652,e7d8b
1653,e7d8n
1654,e7e8q
1655,e7e8r
1656,e7e8b
1657,e7e8n
1658,e7f8q
1659,e7f8r
1660,e7f8b
1661,e7f8n
1662,f7f8
1663,f7g8
1664,f7g7
1665,f7h7
1666,f7g6
1667,f7h5
1668,f7f6
1669,f7f5
1670,f7f4
1671,f7f3
1672,f7f2
1673,f7f1
1674,f7e6
1675,f7d5
1676,f7c4
1677,f7b3
1678,f7a2
1679,f7e7
1680,f7d7
1681,f7c7
1682,f7b7
1683,f7a7
1684,f7e8
1685,f7h8
1686,f7h6
1687,f7g5
1688,f7e5
1689,f7d6
1690,f7d8
1691,f7e8q
1692,f7e8r
1693,f7e8b
1694,f7e8n
1695,f7f8q
1696,f7f8r
1697,f7f8b
1698,f7f8n
1699,f7g8q
1700,f7g8r
1701,f7g8b
1702,f7g8n
1703,g7g8
1704,g7h8
1705,g7h7
1706,g7h6
1707,g7g6
1708,g7g5
1709,g7g4
1710,g7g3
1711,g7g2
1712,g7g1
1713,g7f6
1714,g7e5
1715,g7d4
1716,g7c3
1717,g7b2
1718,g7a1
1719,g7f7
1720,g7e7
1721,g7d7
1722,g7c7
1723,g7b7
1724,g7a7
1725,g7f8
1726,g7h5
1727,g7f5
1728,g7e6
1729,g7e8
1730,g7f8q
1731,g7f8r
1732,g7f8b
1733,g7f8n
1734,g7g8q
1735,g7g8r
1736,g7g8b
1737,g7g8n
1738,g7h8q
1739,g7h8r
1740,g7h8b
1741,g7h8n
1742,h7h8
1743,h7h6
1744,h7h5
1745,h7h4
1746,h7h3
1747,h7h2
1748,h7h1
1749,h7g6
1750,h7f5
1751,h7e4
1752,h7d3
1753,h7c2
1754,h7b1
1755,h7g7
1756,h7f7
1757,h7e7
1758,h7d7
1759,h7c7
1760,h7b7
1761,h7a7
1762,h7g8
1763,h7g5
1764,h7f6
1765,h7f8
1766,h7g8q
1767,h7g8r
1768,h7g8b
1769,h7g8n
1770,h7h8q
1771,h7h8r
1772,h7h8b
1773,h7h8n
1774,a8b8
1775,a8c8
1776,a8d8
1777,a8e8
1778,a8f8
1779,a8g8
1780,a8h8
1781,a8b7
1782,a8c6
1783,a8d5
1784,a8e4
1785,a8f3
1786,a8g2
1787,a8h1
1788,a8a7
1789,a8a6
1790,a8a5
1791,a8a4
1792,a8a3
1793,a8a2
1794,a8a1
1795,a8c7
1796,a8b6
1797,b8c8
1798,b8d8
1799,b8e8
1800,b8f8
1801,b8g8
1802,b8h8
1803,b8c7
1804,b8d6
1805,b8e5
1806,b8f4
1807,b8g3
1808,b8h2
1809,b8b7
1810,b8b6
1811,b8b5
1812,b8b4
1813,b8b3
1814,b8b2
1815,b8b1
1816,b8a7
1817,b8a8
1818,b8d7
1819,b8c6
1820,b8a6
1821,c8d8
1822,c8e8
1823,c8f8
1824,c8g8
1825,c8h8
1826,c8d7
1827,c8e6
1828,c8f5
1829,c8g4
1830,c8h3
1831,c8c7
1832,c8c6
1833,c8c5
1834,c8c4
1835,c8c3
1836,c8c2
1837,c8c1
1838,c8b7
1839,c8a6
1840,c8b8
1841,c8a8
1842,c8e7
1843,c8d6
1844,c8b6
1845,c8a7
1846,d8e8
1847,d8f8
1848,d8g8
1849,d8h8
1850,d8e7
1851,d8f6
1852,d8g5
1853,d8h4
1854,d8d7
1855,d8d6
1856,d8d5
1857,d8d4
1858,d8d3
1859,d8d2
1860,d8d1
1861,d8c7
1862,d8b6
1863,d8a5
1864,d8c8
1865,d8b8
1866,d8a8
1867,d8f7
1868,d8e6
1869,d8c6
1870,d8b7
1871,e8f8
1872,e8g8
1873,e8h8
1874,e8f7
1875,e8g6
1876,e8h5
1877,e8e7
1878,e8e6
1879,e8e5
1880,e8e4
1881,e8e3
1882,e8e2
1883,e8e1
1884,e8d7
1885,e8c6
1886,e8b5
1887,e8a4
1888,e8d8
1889,e8c8
1890,e8b8
1891,e8a8
1892,e8g7
1893,e8f6
1894,e8d6
1895,e8c7
1896,f8g8
1897,f8h8
1898,f8g7
1899,f8h6
1900,f8f7
1901,f8f6
1902,f8f5
1903,f8f4
1904,f8f3
1905,f8f2
1906,f8f1
1907,f8e7
1908,f8d6
1909,f8c5
1910,f8b4
1911,f8a3
1912,f8e8
1913,f8d8
1914,f8c8
1915,f8b8
1916,f8a8
1917,f8h7
1918,f8g6
1919,f8e6
1920,f8d7
1921,g8h8
1922,g8h7
1923,g8g7
1924,g8g6
1925,g8g5
1926,g8g4
1927,g8g3
1928,g8g2
1929,g8g1
1930,g8f7
1931,g8e6
1932,g8d5
1933,g8c4
1934,g8b3
1935,g8a2
1936,g8f8
1937,g8e8
1938,g8d8
1939,g8c8
1940,g8b8
1941,g8a8
1942,g8h6
1943,g8f6
1944,g8e7
1945,h8h7
1946,h8h6
1947,h8h5
1948,h8h4
1949,h8h3
1950,h8h2
1951,h8h1
1952,h8g7
1953,h8f6
1954,h8e5
1955,h8d4
1956,h8c3
1957,h8b2
1958,h8a1
1959,h8g8
1960,h8f8
1961,h8e8
1962,h8d8
1963,h8c8
1964,h8b8
1965,h8a8
1966,h8g6
1967,h8f7
